{
  "current": {
    "color_text": "#3d4246",
    "color_body_text": "#69727b",
    "color_sale_text": "#557b97",
    "color_button": "#557b97",
    "color_button_text": "#fff",
    "color_small_button_text_border": "#3d4246",
    "color_text_field_text": "#000",
    "color_text_field_border": "#949494",
    "color_text_field": "#fff",
    "color_image_overlay_text": "#fff",
    "color_image_overlay": "#3d4246",
    "image_overlay_opacity": 40,
    "color_borders": "#e8e9eb",
    "color_body_bg": "#fff",
    "type_header_font": "work_sans_n6",
    "type_header_base_size": 26,
    "type_base_font": "work_sans_n4",
    "type_base_size": 16,
    "type_bold_product_titles": false,
    "share_image": "",
    "share_facebook": true,
    "share_twitter": true,
    "share_pinterest": true,
    "social_twitter_link": "",
    "social_facebook_link": "",
    "social_pinterest_link": "",
    "social_instagram_link": "",
    "social_tumblr_link": "",
    "social_snapchat_link": "",
    "social_youtube_link": "",
    "social_vimeo_link": "",
    "favicon": "",
    "checkout_header_image": "",
    "checkout_logo_image": "",
    "checkout_logo_position": "left",
    "checkout_logo_size": "medium",
    "checkout_body_background_image": "",
    "checkout_body_background_color": "#fff",
    "checkout_input_background_color_mode": "white",
    "checkout_sidebar_background_image": "",
    "checkout_sidebar_background_color": "#fafafa",
    "checkout_heading_font": "-apple-system, BlinkMacSystemFont, 'Segoe UI', Roboto, Helvetica, Arial, sans-serif, 'Apple Color Emoji', 'Segoe UI Emoji', 'Segoe UI Symbol'",
    "checkout_body_font": "-apple-system, BlinkMacSystemFont, 'Segoe UI', Roboto, Helvetica, Arial, sans-serif, 'Apple Color Emoji', 'Segoe UI Emoji', 'Segoe UI Symbol'",
    "checkout_accent_color": "#197bbd",
    "checkout_button_color": "#197bbd",
    "checkout_error_color": "#e32c2b",
    "sections": {
      "header": {
        "type": "header",
        "settings": {
          "main_linklist": "main-menu"
        }
      },
      "eczema": {
        "type": "eczema",
        "settings": {
          "eczema_product_1": "soursop-body-scrub_9oz",
          "eczema_product_2": "rose-body-scrub_9oz"
        }
      },
      "footer": {
        "type": "footer",
        "settings": {
          "footer1_linklist": "footer",
          "footer2_linklist": "footer-company"
        }
      },
      "cart-template": {
        "type": "cart-template",
        "settings": {}
      },
      "home": {
        "type": "home",
        "settings": {
          "gift": "body-scrub-gift-1",
          "product_1": "coffee-body-scrub_9oz",
          "product_2": "chocolate-body-scrub_9oz",
          "product_3": "rose-body-scrub_9oz",
          "product_4": "soursop-body-scrub_9oz"
        }
      },
      "deadskin": {
        "type": "deadskin",
        "settings": {
          "deadskin_product_1": "coffee-body-scrub_9oz",
          "deadskin_product_2": "rose-body-scrub_9oz"
        }
      },
      "exfoliating": {
        "type": "exfoliating",
        "settings": {
          "exfoliating_product_1": "coffee-body-scrub_9oz",
          "exfoliating_product_2": "soursop-body-scrub_9oz"
        }
      },
      "scars": {
        "type": "scars",
        "settings": {
          "scars_product_1": "chocolate-body-scrub_9oz",
          "scars_product_2": "rose-body-scrub_9oz"
        }
      },
      "acne": {
        "type": "acne",
        "settings": {
          "acne_product_1": "soursop-body-scrub_9oz",
          "acne_product_2": "chocolate-body-scrub_9oz"
        }
      },
      "darkspots": {
        "type": "darkspots",
        "settings": {
          "darkspots_product_1": "chocolate-body-scrub_9oz",
          "darkspots_product_2": "soursop-body-scrub_9oz"
        }
      },
      "blackheads": {
        "type": "blackheads",
        "settings": {
          "backheads_product_1": "chocolate-body-scrub_9oz",
          "backheads_product_2": "coffee-body-scrub_9oz"
        }
      }
    },
    "content_for_index": []
  },
  "presets": {
    "Default": {
      "color_text": "#3d4246",
      "color_body_text": "#69727b",
      "color_sale_text": "#557B97",
      "color_borders": "#e8e9eb",
      "color_button": "#557B97",
      "color_button_text": "#fff",
      "color_small_button_text_border": "#3d4246",
      "color_text_field": "#fff",
      "color_text_field_text": "#000",
      "color_text_field_border": "#949494",
      "color_image_overlay_text": "#fff",
      "color_image_overlay": "#3d4246",
      "image_overlay_opacity": 40,
      "color_body_bg": "#fff",
      "type_header_font": "work_sans_n6",
      "type_header_base_size": 26,
      "type_base_font": "work_sans_n4",
      "type_base_size": 16,
      "type_bold_product_titles": false,
      "share_facebook": true,
      "share_twitter": true,
      "share_pinterest": true,
      "sections": {
        "header": {
          "type": "header",
          "settings": {}
        }
      },
      "content_for_index": []
    },
    "Light": {
      "color_text": "#162950",
      "color_body_text": "#6d6d6d",
      "color_sale_text": "#DA2F0C",
      "color_borders": "#e4e4e4",
      "color_button": "#DA2F0C",
      "color_button_text": "#ffffff",
      "color_small_button_text_border": "#162950",
      "color_text_field": "#ffffff",
      "color_text_field_text": "#162950",
      "color_text_field_border": "#909090",
      "color_image_overlay_text": "#ffffff",
      "color_image_overlay": "#3d3d3d",
      "image_overlay_opacity": 40,
      "color_body_bg": "#f8f8f8",
      "type_header_font": "muli_n6",
      "type_header_base_size": 26,
      "type_base_font": "muli_n4",
      "type_base_size": 18,
      "type_bold_product_titles": true,
      "share_facebook": true,
      "share_twitter": true,
      "share_pinterest": true,
      "social_twitter_link": "",
      "social_facebook_link": "",
      "social_pinterest_link": "",
      "social_instagram_link": "",
      "social_tumblr_link": "",
      "social_snapchat_link": "",
      "social_youtube_link": "",
      "social_vimeo_link": "",
      "favicon": "",
      "checkout_header_image": "",
      "checkout_logo_image": "",
      "checkout_logo_position": "left",
      "checkout_logo_size": "small",
      "checkout_body_background_image": "",
      "checkout_body_background_color": "#ffffff",
      "checkout_input_background_color_mode": "white",
      "checkout_sidebar_background_image": "",
      "checkout_sidebar_background_color": "#e8f3f6",
      "checkout_heading_font": "Roboto",
      "checkout_body_font": "Source Sans Pro",
      "checkout_accent_color": "#1990c6",
      "checkout_button_color": "#23314e",
      "checkout_error_color": "#ff6d6d",
      "sections": {
        "header": {
          "type": "header",
          "settings": {}
        }
      },
      "content_for_index": []
    }
  }
}